{
  "tag": "gap-llm",
  "model": "intfloat/multilingual-e5-base",
  "n_queries": 150,
  "mean": {
    "formal": {
      "ndcg@10": 0.5096771737976076,
      "recall@100": 0.8813107448107449,
      "mrr@10": 0.6091719576719578
    },
    "informal": {
      "ndcg@10": 0.44613431568492634,
      "recall@100": 0.8128005698005698,
      "mrr@10": 0.5442857142857143
    },
    "normalized": {
      "ndcg@10": 0.47289644367893213,
      "recall@100": 0.8295413105413106,
      "mrr@10": 0.5826296296296296
    },
    "llm": {
      "ndcg@10": 0.22350776097577257,
      "recall@100": 0.46526027676027676,
      "mrr@10": 0.2829047619047619
    }
  },
  "decomposition": {
    "primary_metric": "ndcg@10",
    "total_gap": 0.06354285811268123,
    "vocabulary_part": 0.02676212799400579,
    "register_residual": 0.03678073011867544,
    "vocabulary_pct_of_gap": 42.116657621141655,
    "residual_pct_of_gap": 57.883342378858345
  },
  "significance": {
    "formal_vs_informal": {
      "metrics": {
        "ndcg@10": {
          "t": 3.632919649012218,
          "p_t": 0.0003849455259120451,
          "p_perm": 0.00044,
          "delta": 0.06354285811268136
        },
        "recall@100": {
          "t": 4.384510925175102,
          "p_t": 2.184640782185254e-5,
          "p_perm": 0.0,
          "delta": 0.068510175010175
        },
        "mrr@10": {
          "t": 2.7401243352553846,
          "p_t": 0.006892426231108582,
          "p_perm": 0.00698,
          "delta": 0.0648862433862434
        }
      },
      "significant_holm": {
        "recall@100": true,
        "ndcg@10": true,
        "mrr@10": true
      }
    },
    "formal_vs_normalized": {
      "metrics": {
        "ndcg@10": {
          "t": 2.406381599287976,
          "p_t": 0.017336232439232366,
          "p_perm": 0.01562,
          "delta": 0.03678073011867552
        },
        "recall@100": {
          "t": 3.5773992615022134,
          "p_t": 0.0004685354569326426,
          "p_perm": 6e-5,
          "delta": 0.05176943426943426
        },
        "mrr@10": {
          "t": 1.3672038654076544,
          "p_t": 0.1736204444035735,
          "p_perm": 0.17739,
          "delta": 0.026542328042328044
        }
      },
      "significant_holm": {
        "recall@100": true,
        "ndcg@10": true,
        "mrr@10": false
      }
    },
    "formal_vs_llm": {
      "metrics": {
        "ndcg@10": {
          "t": 10.313933891487114,
          "p_t": 3.6995549189957483e-19,
          "p_perm": 0.0,
          "delta": 0.2861694128218351
        },
        "recall@100": {
          "t": 12.424797323387558,
          "p_t": 8.982672956108855e-25,
          "p_perm": 0.0,
          "delta": 0.41605046805046814
        },
        "mrr@10": {
          "t": 9.256717828956017,
          "p_t": 2.135536123867955e-16,
          "p_perm": 0.0,
          "delta": 0.3262671957671958
        }
      },
      "significant_holm": {
        "ndcg@10": true,
        "recall@100": true,
        "mrr@10": true
      }
    },
    "informal_vs_normalized": {
      "metrics": {
        "ndcg@10": {
          "t": -2.2253573763402463,
          "p_t": 0.027559371518044235,
          "p_perm": 0.0262,
          "delta": -0.02676212799400584
        },
        "recall@100": {
          "t": -1.3697098006831498,
          "p_t": 0.17283817315343392,
          "p_perm": 0.18741,
          "delta": -0.01674074074074074
        },
        "mrr@10": {
          "t": -2.2976633116466827,
          "p_t": 0.022972885516030966,
          "p_perm": 0.02178,
          "delta": -0.03834391534391535
        }
      },
      "significant_holm": {
        "mrr@10": false,
        "ndcg@10": false,
        "recall@100": false
      }
    },
    "informal_vs_llm": {
      "metrics": {
        "ndcg@10": {
          "t": 8.10058398020637,
          "p_t": 1.8140977230561572e-13,
          "p_perm": 0.0,
          "delta": 0.22262655470915382
        },
        "recall@100": {
          "t": 10.125088171904483,
          "p_t": 1.1627197177553359e-18,
          "p_perm": 0.0,
          "delta": 0.34754029304029305
        },
        "mrr@10": {
          "t": 7.480932702765677,
          "p_t": 5.908703112963201e-12,
          "p_perm": 0.0,
          "delta": 0.2613809523809524
        }
      },
      "significant_holm": {
        "ndcg@10": true,
        "recall@100": true,
        "mrr@10": true
      }
    },
    "normalized_vs_llm": {
      "metrics": {
        "ndcg@10": {
          "t": 9.133518017287066,
          "p_t": 4.4357163687420984e-16,
          "p_perm": 0.0,
          "delta": 0.24938868270315964
        },
        "recall@100": {
          "t": 10.781931529005954,
          "p_t": 2.1388559042669005e-20,
          "p_perm": 0.0,
          "delta": 0.36428103378103377
        },
        "mrr@10": {
          "t": 8.57483884977538,
          "p_t": 1.1794429699565144e-14,
          "p_perm": 0.0,
          "delta": 0.2997248677248677
        }
      },
      "significant_holm": {
        "ndcg@10": true,
        "recall@100": true,
        "mrr@10": true
      }
    }
  },
  "same_intent_cosine": {
    "formal_vs_informal": {
      "mean": 0.9489845037460327,
      "p10": 0.8973859965801239,
      "p50": 0.9590139389038086,
      "p90": 0.9891922950744629
    },
    "formal_vs_normalized": {
      "mean": 0.9592092037200928,
      "p10": 0.917042589187622,
      "p50": 0.9663073718547821,
      "p90": 0.9921508193016052
    },
    "formal_vs_llm": {
      "mean": 0.8876041769981384,
      "p10": 0.824970543384552,
      "p50": 0.8892691731452942,
      "p90": 0.9513433516025543
    }
  }
}
