{
  "tag": "gap-bounds",
  "model": "intfloat/multilingual-e5-base",
  "n_queries": 150,
  "mean": {
    "formal": {
      "ndcg@10": 0.5096771737976076,
      "recall@100": 0.8813107448107449,
      "mrr@10": 0.6091719576719578
    },
    "informal": {
      "ndcg@10": 0.44613431568492634,
      "recall@100": 0.8128005698005698,
      "mrr@10": 0.5442857142857143
    },
    "normalized": {
      "ndcg@10": 0.47289644367893213,
      "recall@100": 0.8295413105413106,
      "mrr@10": 0.5826296296296296
    },
    "strong_norm": {
      "ndcg@10": 0.5034503128619326,
      "recall@100": 0.8740250305250306,
      "mrr@10": 0.604978835978836
    },
    "heavy": {
      "ndcg@10": 0.02649152699229367,
      "recall@100": 0.11943345543345543,
      "mrr@10": 0.039674603174603175
    },
    "heavy_normalized": {
      "ndcg@10": 0.32972568191699386,
      "recall@100": 0.614583435083435,
      "mrr@10": 0.4203862433862435
    }
  },
  "decomposition": {
    "primary_metric": "ndcg@10",
    "total_gap": 0.06354285811268123,
    "vocabulary_part": 0.02676212799400579,
    "register_residual": 0.03678073011867544,
    "vocabulary_pct_of_gap": 42.116657621141655,
    "residual_pct_of_gap": 57.883342378858345,
    "residual_under_oracle_norm": 0.006226860935674927,
    "heavy_total_gap": 0.4831856468053139,
    "heavy_register_residual": 0.1799514918806137
  },
  "significance": {
    "formal_vs_informal": {
      "metrics": {
        "ndcg@10": {
          "t": 3.632919649012218,
          "p_t": 0.0003849455259120451,
          "p_perm": 0.00044,
          "delta": 0.06354285811268136
        },
        "recall@100": {
          "t": 4.384510925175102,
          "p_t": 2.184640782185254e-05,
          "p_perm": 0.0,
          "delta": 0.068510175010175
        },
        "mrr@10": {
          "t": 2.7401243352553846,
          "p_t": 0.006892426231108582,
          "p_perm": 0.00698,
          "delta": 0.0648862433862434
        }
      },
      "significant_holm": {
        "recall@100": true,
        "ndcg@10": true,
        "mrr@10": true
      }
    },
    "formal_vs_normalized": {
      "metrics": {
        "ndcg@10": {
          "t": 2.406381599287976,
          "p_t": 0.017336232439232366,
          "p_perm": 0.01562,
          "delta": 0.03678073011867552
        },
        "recall@100": {
          "t": 3.5773992615022134,
          "p_t": 0.0004685354569326426,
          "p_perm": 6e-05,
          "delta": 0.05176943426943426
        },
        "mrr@10": {
          "t": 1.3672038654076544,
          "p_t": 0.1736204444035735,
          "p_perm": 0.17739,
          "delta": 0.026542328042328044
        }
      },
      "significant_holm": {
        "recall@100": true,
        "ndcg@10": true,
        "mrr@10": false
      }
    },
    "formal_vs_strong_norm": {
      "metrics": {
        "ndcg@10": {
          "t": 0.9954784853046494,
          "p_t": 0.32111750112837933,
          "p_perm": 0.32797,
          "delta": 0.006226860935675112
        },
        "recall@100": {
          "t": 0.9646394487824674,
          "p_t": 0.33628844125988056,
          "p_perm": 0.50058,
          "delta": 0.007285714285714283
        },
        "mrr@10": {
          "t": 0.5065782116243681,
          "p_t": 0.6131995959937038,
          "p_perm": 0.62375,
          "delta": 0.00419312169312169
        }
      },
      "significant_holm": {
        "ndcg@10": false,
        "recall@100": false,
        "mrr@10": false
      }
    },
    "formal_vs_heavy": {
      "metrics": {
        "ndcg@10": {
          "t": 17.38053311045281,
          "p_t": 1.1496128537312076e-37,
          "p_perm": 0.0,
          "delta": 0.483185646805314
        },
        "recall@100": {
          "t": 28.136165528440092,
          "p_t": 1.7128750811372684e-61,
          "p_perm": 0.0,
          "delta": 0.7618772893772894
        },
        "mrr@10": {
          "t": 17.23040304830998,
          "p_t": 2.7330475914894795e-37,
          "p_perm": 0.0,
          "delta": 0.5694973544973545
        }
      },
      "significant_holm": {
        "ndcg@10": true,
        "recall@100": true,
        "mrr@10": true
      }
    },
    "formal_vs_heavy_normalized": {
      "metrics": {
        "ndcg@10": {
          "t": 7.399185979461505,
          "p_t": 9.276909411695812e-12,
          "p_perm": 0.0,
          "delta": 0.17995149188061388
        },
        "recall@100": {
          "t": 8.701283147923188,
          "p_t": 5.6432893981319675e-15,
          "p_perm": 0.0,
          "delta": 0.26672730972730974
        },
        "mrr@10": {
          "t": 6.380181952556984,
          "p_t": 2.1090093246354898e-09,
          "p_perm": 0.0,
          "delta": 0.18878571428571428
        }
      },
      "significant_holm": {
        "ndcg@10": true,
        "recall@100": true,
        "mrr@10": true
      }
    },
    "informal_vs_normalized": {
      "metrics": {
        "ndcg@10": {
          "t": -2.2253573763402463,
          "p_t": 0.027559371518044235,
          "p_perm": 0.0262,
          "delta": -0.02676212799400584
        },
        "recall@100": {
          "t": -1.3697098006831498,
          "p_t": 0.17283817315343392,
          "p_perm": 0.18741,
          "delta": -0.01674074074074074
        },
        "mrr@10": {
          "t": -2.2976633116466827,
          "p_t": 0.022972885516030966,
          "p_perm": 0.02178,
          "delta": -0.03834391534391535
        }
      },
      "significant_holm": {
        "mrr@10": false,
        "ndcg@10": false,
        "recall@100": false
      }
    },
    "informal_vs_strong_norm": {
      "metrics": {
        "ndcg@10": {
          "t": -3.326313120292524,
          "p_t": 0.0011083053923988053,
          "p_perm": 0.00103,
          "delta": -0.05731599717700624
        },
        "recall@100": {
          "t": -3.437297912837866,
          "p_t": 0.0007617831601524635,
          "p_perm": 0.00029,
          "delta": -0.061224460724460715
        },
        "mrr@10": {
          "t": -2.6685000062632724,
          "p_t": 0.008463116133852049,
          "p_perm": 0.00823,
          "delta": -0.060693121693121695
        }
      },
      "significant_holm": {
        "recall@100": true,
        "ndcg@10": true,
        "mrr@10": true
      }
    },
    "informal_vs_heavy": {
      "metrics": {
        "ndcg@10": {
          "t": 15.250192892563806,
          "p_t": 3.12996771454658e-32,
          "p_perm": 0.0,
          "delta": 0.4196427886926326
        },
        "recall@100": {
          "t": 23.605450186112364,
          "p_t": 3.3249117905279444e-52,
          "p_perm": 0.0,
          "delta": 0.6933671143671144
        },
        "mrr@10": {
          "t": 15.503479696527188,
          "p_t": 6.902030892493328e-33,
          "p_perm": 0.0,
          "delta": 0.5046111111111111
        }
      },
      "significant_holm": {
        "ndcg@10": true,
        "recall@100": true,
        "mrr@10": true
      }
    },
    "informal_vs_heavy_normalized": {
      "metrics": {
        "ndcg@10": {
          "t": 5.453259090386645,
          "p_t": 2.008607240296931e-07,
          "p_perm": 0.0,
          "delta": 0.11640863376793253
        },
        "recall@100": {
          "t": 6.650186615894269,
          "p_t": 5.203211063979775e-10,
          "p_perm": 0.0,
          "delta": 0.1982171347171347
        },
        "mrr@10": {
          "t": 4.330739154845285,
          "p_t": 2.7160735084998524e-05,
          "p_perm": 2e-05,
          "delta": 0.1238994708994709
        }
      },
      "significant_holm": {
        "ndcg@10": true,
        "recall@100": true,
        "mrr@10": true
      }
    },
    "normalized_vs_strong_norm": {
      "metrics": {
        "ndcg@10": {
          "t": -2.1036987772371902,
          "p_t": 0.037084556524426854,
          "p_perm": 0.03543,
          "delta": -0.030553869183000404
        },
        "recall@100": {
          "t": -2.7642979135311627,
          "p_t": 0.006425256438254031,