{
  "tag": "gap-pilot",
  "model": "intfloat/multilingual-e5-base",
  "n_queries": 150,
  "mean": {
    "formal": {
      "ndcg@10": 0.5096771737976076,
      "recall@100": 0.8813107448107449,
      "mrr@10": 0.6091719576719578
    },
    "informal": {
      "ndcg@10": 0.4495767835733896,
      "recall@100": 0.8111339031339031,
      "mrr@10": 0.5476190476190476
    },
    "normalized": {
      "ndcg@10": 0.4730104964658875,
      "recall@100": 0.8312079772079772,
      "mrr@10": 0.5826296296296296
    }
  },
  "decomposition": {
    "primary_metric": "ndcg@10",
    "total_gap": 0.06010039022421798,
    "vocabulary_part": 0.023433712892497904,
    "register_residual": 0.03666667733172008,
    "vocabulary_pct_of_gap": 38.99094965119725,
    "residual_pct_of_gap": 61.00905034880276
  },
  "significance": {
    "formal_vs_informal": {
      "metrics": {
        "ndcg@10": {
          "t": 3.4651117586485527,
          "p_t": 0.0006924910527065461,
          "p_perm": 0.00073,
          "delta": 0.06010039022421803
        },
        "recall@100": {
          "t": 4.479766083167993,
          "p_t": 1.4787822905618377e-5,
          "p_perm": 0.0,
          "delta": 0.07017684167684167
        },
        "mrr@10": {
          "t": 2.6189478268798405,
          "p_t": 0.009731897441943424,
          "p_perm": 0.00985,
          "delta": 0.06155291005291006
        }
      },
      "significant_holm": {
        "recall@100": true,
        "ndcg@10": true,
        "mrr@10": true
      }
    },
    "normalized_vs_informal": {
      "metrics": {
        "ndcg@10": {
          "t": 1.9826067291152782,
          "p_t": 0.049250143447526075,
          "p_perm": 0.04813,
          "delta": 0.023433712892497932
        },
        "recall@100": {
          "t": 1.6168321634059584,
          "p_t": 0.10802973795806081,
          "p_perm": 0.11411,
          "delta": 0.020074074074074074
        },
        "mrr@10": {
          "t": 2.1348228981486463,
          "p_t": 0.03441116574321118,
          "p_perm": 0.03259,
          "delta": 0.03501058201058201
        }
      },
      "significant_holm": {
        "mrr@10": false,
        "ndcg@10": false,
        "recall@100": false
      }
    },
    "formal_vs_normalized": {
      "metrics": {
        "ndcg@10": {
          "t": 2.3994481985062057,
          "p_t": 0.017655225512971027,
          "p_perm": 0.01587,
          "delta": 0.0366666773317201
        },
        "recall@100": {
          "t": 3.476006780726817,
          "p_t": 0.0006669974562148129,
          "p_perm": 0.0001,
          "delta": 0.0501027676027676
        },
        "mrr@10": {
          "t": 1.3672038654076544,
          "p_t": 0.1736204444035735,
          "p_perm": 0.17739,
          "delta": 0.026542328042328044
        }
      },
      "significant_holm": {
        "recall@100": true,
        "ndcg@10": true,
        "mrr@10": false
      }
    }
  },
  "same_intent_cosine": {
    "formal_vs_informal": {
      "mean": 0.9494604468345642,
      "p10": 0.8973859965801239,
      "p50": 0.9592719674110413,
      "p90": 0.9891922950744629
    },
    "formal_vs_normalized": {
      "mean": 0.9595749974250793,
      "p10": 0.917042589187622,
      "p50": 0.9664557576179504,
      "p90": 0.9921508193016052
    }
  }
}
